,Faithfulness,Relevancy,Context Usage,Parse Rate,Mean time per question,CO2 per question
TF-IDF,8.24,7.66,8.7,1.0,1.607851019890004,0.006431661993518943
BM25,8.71,8.27,9.04,1.0,1.5673820060699655,0.006205138703702335
HyDE,7.87,6.72,8.58,1.0,2.6920818436000262,0.010704449717141856
DPR,7.72,6.46,7.93,1.0,1.5428176083300058,0.0061253818054859055
